Région;Départements;Code commune;Commune;nombre de redevables;patrimoine moyen;impôt moyen
AUVERGNE-RHONE-ALPES;AIN;1053;BOURG-EN-BRESSE;168;2245649;8327
AUVERGNE-RHONE-ALPES;AIN;1283;OYONNAX;89;3179724;11547
AUVERGNE-RHONE-ALPES;ALLIER;3185;MONTLUCON;116;2607049;9145
AUVERGNE-RHONE-ALPES;ALLIER;3190;MOULINS;62;2584268;10450
AUVERGNE-RHONE-ALPES;ALLIER;3310;VICHY;171;2417506;8617
AUVERGNE-RHONE-ALPES;CANTAL;15014;AURILLAC;117;2558611;9370
AUVERGNE-RHONE-ALPES;DROME;26198;MONTELIMAR;162;2606073;10228
AUVERGNE-RHONE-ALPES;DROME;26281;ROMANS;98;2344238;7254
AUVERGNE-RHONE-ALPES;DROME;26362;VALENCE;255;2729147;10459
AUVERGNE-RHONE-ALPES;HAUTE-SAVOIE;74010;ANNECY;530;2339880;8433
AUVERGNE-RHONE-ALPES;HAUTE-SAVOIE;74011;ANNECY-LE-VIEUX;443;2514685;9898
AUVERGNE-RHONE-ALPES;HAUTE-SAVOIE;74012;ANNEMASSE;112;2120585;6895
AUVERGNE-RHONE-ALPES;HAUTE-SAVOIE;74268;SEYNOD;85;1923478;5310
AUVERGNE-RHONE-ALPES;HAUTE-SAVOIE;74281;THONON-LES-BAINS;229;2534940;10836
AUVERGNE-RHONE-ALPES;ISERE;38053;BOURGOIN JALLIEU;86;2481411;9656
AUVERGNE-RHONE-ALPES;ISERE;38185;GRENOBLE;711;2533316;9807
AUVERGNE-RHONE-ALPES;ISERE;38544;VIENNE;150;2380179;8948
AUVERGNE-RHONE-ALPES;ISERE;38563;VOIRON;107;2687110;11755
AUVERGNE-RHONE-ALPES;LOIRE;42187;ROANNE;109;2430263;8706
AUVERGNE-RHONE-ALPES;LOIRE;42207;SAINT CHAMOND;73;2534400;9057
AUVERGNE-RHONE-ALPES;LOIRE;42218;SAINT ETIENNE;486;2485536;9624
AUVERGNE-RHONE-ALPES;PUY-DE-DOME;63113;CLERMONT-FERRAND;485;2505935;11023
AUVERGNE-RHONE-ALPES;RHONE;69029;BRON;165;2441264;8939
AUVERGNE-RHONE-ALPES;RHONE;69034;CALUIRE ET CUIRE;564;2663514;9267
AUVERGNE-RHONE-ALPES;RHONE;69275;DECINES-CHARPIEU;54;2128108;6764
AUVERGNE-RHONE-ALPES;RHONE;69123;LYON;4636;2724196;10373
AUVERGNE-RHONE-ALPES;RHONE;69282;MEYZIEU;95;2825270;12430
AUVERGNE-RHONE-ALPES;RHONE;69149;OULLINS;67;2119503;6979
AUVERGNE-RHONE-ALPES;RHONE;69286;RILLIEUX LA PAPE;107;2509216;9784
AUVERGNE-RHONE-ALPES;RHONE;69204;SAINT-GENIS-LAVAL;169;2354726;8163
AUVERGNE-RHONE-ALPES;RHONE;69290;SAINT-PRIEST;83;2845309;11041
AUVERGNE-RHONE-ALPES;RHONE;69202;STE FOY LES LYON;405;2840619;11787
AUVERGNE-RHONE-ALPES;RHONE;69244;TASSIN-LA-DEMI-LUNE;264;2555207;9187
AUVERGNE-RHONE-ALPES;RHONE;69264;VILLEFRANCHE-SUR-SAONE;102;2353653;9017
AUVERGNE-RHONE-ALPES;RHONE;69266;VILLEURBANNE;275;2183028;6751
AUVERGNE-RHONE-ALPES;SAVOIE;73008;AIX LES BAINS;251;2138276;7083
AUVERGNE-RHONE-ALPES;SAVOIE;73065;CHAMBERY;337;2665494;11234
BOURGOGNE-FRANCHE-COMTE;COTE-D'OR;21054;BEAUNE;158;2756461;10330
BOURGOGNE-FRANCHE-COMTE;COTE-D'OR;21231;DIJON;689;2653959;8979
BOURGOGNE-FRANCHE-COMTE;DOUBS;25056;BESANCON;382;2536893;8973
BOURGOGNE-FRANCHE-COMTE;DOUBS;25388;MONTBELIARD;59;2089349;7781
BOURGOGNE-FRANCHE-COMTE;JURA;39198;DOLE;67;2329316;6638
BOURGOGNE-FRANCHE-COMTE;NIEVRE;58194;NEVERS;96;2645953;11443
BOURGOGNE-FRANCHE-COMTE;SAONE-ET-LOIRE;71076;CHALON SUR SAONE;146;2413703;9628
BOURGOGNE-FRANCHE-COMTE;SAONE-ET-LOIRE;71270;MACON;125;2697255;12540
BOURGOGNE-FRANCHE-COMTE;TERRITOIRE DE BELFORT;90010;BELFORT;105;2829397;12886
BOURGOGNE-FRANCHE-COMTE;YONNE;89024;AUXERRE;137;2371278;9717
BOURGOGNE-FRANCHE-COMTE;YONNE;89387;SENS;107;2677229;11901
BRETAGNE;COTES-D'ARMOR;22113;LANNION;78;2252860;8678
BRETAGNE;COTES-D'ARMOR;22278;SAINT-BRIEUC;173;2431624;8763
BRETAGNE;FINISTERE;29019;BREST;270;2768692;8805
BRETAGNE;FINISTERE;29232;QUIMPER;218;2491748;7639
BRETAGNE;ILLE-ET-VILAINE;35115;FOUGERES;73;2312582;8012
BRETAGNE;ILLE-ET-VILAINE;35238;RENNES;1253;2716476;11782
BRETAGNE;ILLE-ET-VILAINE;35288;SAINT MALO;464;2658306;9926
BRETAGNE;MORBIHAN;56121;LORIENT;155;2476453;8826
BRETAGNE;MORBIHAN;56260;VANNES;462;2434946;8433
CENTRE-VAL DE LOIRE;CHER;18033;BOURGES;256;2233136;7185
CENTRE-VAL DE LOIRE;EURE-ET-LOIR;28085;CHARTRES;270;2496467;10596
CENTRE-VAL DE LOIRE;EURE-ET-LOIR;28134;DREUX;69;2604332;12572
CENTRE-VAL DE LOIRE;INDRE;36044;CHATEAUROUX;139;2673397;11642
CENTRE-VAL DE LOIRE;INDRE-ET-LOIRE;37122;JOUE LES TOURS;81;2438787;9104
CENTRE-VAL DE LOIRE;INDRE-ET-LOIRE;37261;TOURS;691;2487805;9876
CENTRE-VAL DE LOIRE;LOIR-ET-CHER;41018;BLOIS;162;2493587;10766
CENTRE-VAL DE LOIRE;LOIRET;45232;OLIVET;197;2389267;9550
CENTRE-VAL DE LOIRE;LOIRET;45234;ORLEANS;580;2359872;9020
CENTRE-VAL DE LOIRE;LOIRET;45284;SAINT JEAN DE BRAYE;69;2562696;13077
CORSE;CORSE-DU-SUD;2A004;AJACCIO;279;2708015;12195
CORSE;HAUTE-CORSE;2B033;BASTIA;121;2436331;10237
GRAND-EST;ARDENNES;8105;CHARLEVILLE MEZIERES;129;2266680;8462
GRAND-EST;AUBE;10387;TROYES;210;2847662;14795
GRAND-EST;BAS-RHIN;67180;HAGUENAU;148;2944575;11752
GRAND-EST;BAS-RHIN;67218;ILLKIRCH GRAFFENSTADEN;104;2231709;7763
GRAND-EST;BAS-RHIN;67447;SCHILTIGHEIM;68;2616168;10566
GRAND-EST;BAS-RHIN;67482;STRASBOURG;1834;3153764;13400
GRAND-EST;HAUT-RHIN;68066;COLMAR;299;2733278;11985
GRAND-EST;HAUT-RHIN;68224;MULHOUSE;358;2898488;13356
GRAND-EST;HAUT-RHIN;68297;SAINT LOUIS;80;2660285;10998
GRAND-EST;HAUTE-MARNE;52448;SAINT-DIZIER;55;3470640;26437
GRAND-EST;MARNE;51108;CHALONS EN CHAMPAGNE;125;2390482;9690
GRAND-EST;MARNE;51230;EPERNAY;96;2737608;11280
GRAND-EST;MARNE;51454;REIMS;794;2582205;10073
GRAND-EST;MEURTHE-ET-MOSELLE;54395;NANCY;673;2676284;11526
GRAND-EST;MEURTHE-ET-MOSELLE;54547;VANDOEUVRE LES NANCY;66;2337432;8736
GRAND-EST;MOSELLE;57463;METZ;401;2764331;11230
GRAND-EST;MOSELLE;57480;MONTIGNY LES METZ;112;2366093;8553
GRAND-EST;MOSELLE;57631;SARREGUEMINES;70;2690952;9274
GRAND-EST;MOSELLE;57672;THIONVILLE;217;2653581;11350
GRAND-EST;VOSGES;88160;EPINAL;121;2879407;11827
GUADELOUPE;GUADELOUPE;97113;LE GOSIER;95;2516105;9839
GUYANE;GUYANE;97302;CAYENNE;55;3253865;20435
LES-HAUTS-DE-FRANCE;AISNE;2408;LAON;67;2329849;7503
LES-HAUTS-DE-FRANCE;AISNE;2691;SAINT QUENTIN;150;2663028;11982
LES-HAUTS-DE-FRANCE;AISNE;2722;SOISSONS;162;2523701;11295
LES-HAUTS-DE-FRANCE;NORD;59122;CAMBRAI;160;2577083;8480
LES-HAUTS-DE-FRANCE;NORD;59163;CROIX;285;4394221;18392
LES-HAUTS-DE-FRANCE;NORD;59178;DOUAI;151;2445163;9115
LES-HAUTS-DE-FRANCE;NORD;59183;DUNKERQUE;245;2392783;8919
LES-HAUTS-DE-FRANCE;NORD;59279;HALLUIN;52;2395996;8788
LES-HAUTS-DE-FRANCE;NORD;59295;HAZEBROUCK;97;2463506;10608
LES-HAUTS-DE-FRANCE;NORD;59368;LA MADELEINE;164;2738332;10623
LES-HAUTS-DE-FRANCE;NORD;59328;LAMBERSART;255;2792367;10363
LES-HAUTS-DE-FRANCE;NORD;59350;LILLE;945;2638451;10463
LES-HAUTS-DE-FRANCE;NORD;59378;MARCQ EN BAROEUL;835;3209824;14526
LES-HAUTS-DE-FRANCE;NORD;59512;ROUBAIX;140;3025683;12151
LES-HAUTS-DE-FRANCE;NORD;59599;TOURCOING;128;2256019;7984
LES-HAUTS-DE-FRANCE;NORD;59606;VALENCIENNES;186;2322563;8482
LES-HAUTS-DE-FRANCE;NORD;59009;VILLENEUVE D'ASCQ;381;3238985;12679
LES-HAUTS-DE-FRANCE;NORD;59646;WASQUEHAL;227;3018101;13371
LES-HAUTS-DE-FRANCE;OISE;60057;BEAUVAIS;162;2630474;11077
LES-HAUTS-DE-FRANCE;OISE;60159;COMPIEGNE;330;2830521;11092
LES-HAUTS-DE-FRANCE;PAS-DE-CALAIS;62041;ARRAS;183;2603086;10134
LES-HAUTS-DE-FRANCE;PAS-DE-CALAIS;62119;BETHUNE;102;2456456;9535
LES-HAUTS-DE-FRANCE;PAS-DE-CALAIS;62160;BOULOGNE SUR MER;78;2373972;9029
LES-HAUTS-DE-FRANCE;PAS-DE-CALAIS;62193;CALAIS;100;2452147;9505
LES-HAUTS-DE-FRANCE;PAS-DE-CALAIS;62498;LENS;62;2649561;11441
LES-HAUTS-DE-FRANCE;SOMME;80001;ABBEVILLE;71;2462746;8005
LES-HAUTS-DE-FRANCE;SOMME;80021;AMIENS;504;2606489;10155
ILE-DE-FRANCE;ESSONNE;91027;ATHIS MONS;72;2481540;11392
ILE-DE-FRANCE;ESSONNE;91103;BRETIGNY SUR ORGE;51;2286168;8494
ILE-DE-FRANCE;ESSONNE;91114;BRUNOY;169;2303645;8926
ILE-DE-FRANCE;ESSONNE;91174;CORBEIL ESSONNES;55;2752888;11076
ILE-DE-FRANCE;ESSONNE;91201;DRAVEIL;123;2543196;9451
ILE-DE-FRANCE;ESSONNE;91223;ETAMPES;66;2541817;11279
ILE-DE-FRANCE;ESSONNE;91272;GIF SUR YVETTE;379;2236314;7378
ILE-DE-FRANCE;ESSONNE;91345;LONGJUMEAU;51;2910318;18979
ILE-DE-FRANCE;ESSONNE;91377;MASSY;98;2155211;7234
ILE-DE-FRANCE;ESSONNE;91421;MONTGERON;158;2387544;7517
ILE-DE-FRANCE;ESSONNE;91434;MORSANG SUR ORGE;80;2371906;9429
ILE-DE-FRANCE;ESSONNE;91477;PALAISEAU;245;3512127;11321
ILE-DE-FRANCE;ESSONNE;91521;RIS ORANGIS;51;1922290;5617
ILE-DE-FRANCE;ESSONNE;91589;SAVIGNY SUR ORGE;131;2122462;7183
ILE-DE-FRANCE;ESSONNE;91549;STE GENEVIEVE DES BOIS;155;2311636;7552
ILE-DE-FRANCE;ESSONNE;91687;VIRY CHATILLON;68;1936016;5886
ILE-DE-FRANCE;ESSONNE;91691;YERRES;126;2221831;8390
ILE-DE-FRANCE;HAUTS-DE-SEINE;92002;ANTONY;851;2261945;7948
ILE-DE-FRANCE;HAUTS-DE-SEINE;92004;ASNIERES;794;2429213;8945
ILE-DE-FRANCE;HAUTS-DE-SEINE;92007;BAGNEUX;70;2065817;6529
ILE-DE-FRANCE;HAUTS-DE-SEINE;92009;BOIS-COLOMBES;346;2297672;7595
ILE-DE-FRANCE;HAUTS-DE-SEINE;92012;BOULOGNE BILLANCOURT;3819;2872527;12286
ILE-DE-FRANCE;HAUTS-DE-SEINE;92014;BOURG LA REINE;477;2649597;10178
ILE-DE-FRANCE;HAUTS-DE-SEINE;92019;CHATENAY MALABRY;313;2510442;10009
ILE-DE-FRANCE;HAUTS-DE-SEINE;92020;CHATILLON;255;2342674;8810
ILE-DE-FRANCE;HAUTS-DE-SEINE;92023;CLAMART;695;2485311;9620
ILE-DE-FRANCE;HAUTS-DE-SEINE;92024;CLICHY;121;2268437;8618
ILE-DE-FRANCE;HAUTS-DE-SEINE;92025;COLOMBES;447;2392688;8810
ILE-DE-FRANCE;HAUTS-DE-SEINE;92026;COURBEVOIE;1086;2276127;8299
ILE-DE-FRANCE;HAUTS-DE-SEINE;92032;FONTENAY AUX ROSES;284;2085775;6902
ILE-DE-FRANCE;HAUTS-DE-SEINE;92040;ISSY LES MOULINEAUX;880;2345889;8179
ILE-DE-FRANCE;HAUTS-DE-SEINE;92035;LA GARENNE COLOMBES;336;2369370;8709
ILE-DE-FRANCE;HAUTS-DE-SEINE;92060;LE PLESSIS ROBINSON;188;2230373;8319
ILE-DE-FRANCE;HAUTS-DE-SEINE;92044;LEVALLOIS-PERRET;1353;3077782;11546
ILE-DE-FRANCE;HAUTS-DE-SEINE;92046;MALAKOFF;152;2386671;8389
ILE-DE-FRANCE;HAUTS-DE-SEINE;92048;MEUDON;1002;2587320;9911
ILE-DE-FRANCE;HAUTS-DE-SEINE;92049;MONTROUGE;433;2535795;10309
ILE-DE-FRANCE;HAUTS-DE-SEINE;92050;NANTERRE;254;2202309;7407
ILE-DE-FRANCE;HAUTS-DE-SEINE;92051;NEUILLY SUR SEINE;5887;5443798;22562
ILE-DE-FRANCE;HAUTS-DE-SEINE;92062;PUTEAUX;358;2449517;9415
ILE-DE-FRANCE;HAUTS-DE-SEINE;92063;RUEIL MALMAISON;1621;2603951;9527
ILE-DE-FRANCE;HAUTS-DE-SEINE;92064;SAINT CLOUD;1379;3314162;14810
ILE-DE-FRANCE;HAUTS-DE-SEINE;92071;SCEAUX;778;2777639;11508
ILE-DE-FRANCE;HAUTS-DE-SEINE;92072;SEVRES;649;2672203;10019
ILE-DE-FRANCE;HAUTS-DE-SEINE;92073;SURESNES;620;2568228;10017
ILE-DE-FRANCE;HAUTS-DE-SEINE;92075;VANVES;369;2348603;7993
ILE-DE-FRANCE;PARIS;75101;PARIS;791;3566141;17688
ILE-DE-FRANCE;PARIS;75102;PARIS;537;2694319;10296
ILE-DE-FRANCE;PARIS;75103;PARIS;1183;3185017;14277
ILE-DE-FRANCE;PARIS;75104;PARIS;1292;3672134;17649
ILE-DE-FRANCE;PARIS;75105;PARIS;2718;2917483;12766
ILE-DE-FRANCE;PARIS;75106;PARIS;3968;4518114;22349
ILE-DE-FRANCE;PARIS;75107;PARIS;5778;5443403;28041
ILE-DE-FRANCE;PARIS;75108;PARIS;3141;4163900;21069
ILE-DE-FRANCE;PARIS;75109;PARIS;1907;2800253;11346
ILE-DE-FRANCE;PARIS;75110;PARIS;1094;2441074;9596
ILE-DE-FRANCE;PARIS;75111;PARIS;2227;2617886;10743
ILE-DE-FRANCE;PARIS;75112;PARIS;2439;2451684;9377
ILE-DE-FRANCE;PARIS;75113;PARIS;2178;2538539;9997
ILE-DE-FRANCE;PARIS;75114;PARIS;3488;3061294;12954
ILE-DE-FRANCE;PARIS;75115;PARIS;6892;2705908;11362
ILE-DE-FRANCE;PARIS;75116;PARIS;14346;4341594;21953
ILE-DE-FRANCE;PARIS;75117;PARIS;6358;3114661;13978
ILE-DE-FRANCE;PARIS;75118;PARIS;1602;2822834;11637
ILE-DE-FRANCE;PARIS;75119;PARIS;1107;2580582;9704
ILE-DE-FRANCE;PARIS;75120;PARIS;1154;2484073;8837
ILE-DE-FRANCE;SEINE-ET-MARNE;77058;BUSSY ST GEORGES;78;2441966;8487
ILE-DE-FRANCE;SEINE-ET-MARNE;77108;CHELLES;132;2276834;8674
ILE-DE-FRANCE;SEINE-ET-MARNE;77243;LAGNY SUR MARNE;92;3175596;11012
ILE-DE-FRANCE;SEINE-ET-MARNE;77284;MEAUX;130;2456867;9970
ILE-DE-FRANCE;SEINE-ET-MARNE;77288;MELUN;113;2657419;11848
ILE-DE-FRANCE;SEINE-ET-MARNE;77350;OZOIR LA FERRIERE;90;2633921;11715
ILE-DE-FRANCE;SEINE-ET-MARNE;77373;PONTAULT COMBAULT;70;2179222;8347
ILE-DE-FRANCE;SEINE-SAINT-DENIS;93005;AULNAY SOUS BOIS;166;2267486;8545
ILE-DE-FRANCE;SEINE-SAINT-DENIS;93006;BAGNOLET;60;2157954;6587
ILE-DE-FRANCE;SEINE-SAINT-DENIS;93029;DRANCY;91;2300622;8952
ILE-DE-FRANCE;SEINE-SAINT-DENIS;93031;EPINAY SUR SEINE;57;2065619;6669
ILE-DE-FRANCE;SEINE-SAINT-DENIS;93032;GAGNY;123;2252710;7462
ILE-DE-FRANCE;SEINE-SAINT-DENIS;93045;LES LILAS;130;2736750;14755
ILE-DE-FRANCE;SEINE-SAINT-DENIS;93057;LES PAVILLONS SOUS BOIS;76;2137608;7483
ILE-DE-FRANCE;SEINE-SAINT-DENIS;93046;LIVRY GARGAN;105;2117843;7492
ILE-DE-FRANCE;SEINE-SAINT-DENIS;93047;MONTFERMEIL;55;2249321;9450
ILE-DE-FRANCE;SEINE-SAINT-DENIS;93048;MONTREUIL SOUS BOIS;254;2335600;9368
ILE-DE-FRANCE;SEINE-SAINT-DENIS;93049;NEUILLY PLAISANCE;76;2128626;6980
ILE-DE-FRANCE;SEINE-SAINT-DENIS;93051;NOISY LE GRAND;159;2220114;9020
ILE-DE-FRANCE;SEINE-SAINT-DENIS;93053;NOISY LE SEC;58;2297011;9449
ILE-DE-FRANCE;SEINE-SAINT-DENIS;93055;PANTIN;84;2150452;7895
ILE-DE-FRANCE;SEINE-SAINT-DENIS;93064;ROSNY SOUS BOIS;93;2125208;7503
ILE-DE-FRANCE;SEINE-SAINT-DENIS;93066;SAINT DENIS;55;2312350;8865
ILE-DE-FRANCE;SEINE-SAINT-DENIS;93070;SAINT OUEN;64;2166351;8150
ILE-DE-FRANCE;SEINE-SAINT-DENIS;93077;VILLEMOMBLE;198;2410075;9094
ILE-DE-FRANCE;VAL-D'OISE;95018;ARGENTEUIL;141;2598947;9466
ILE-DE-FRANCE;VAL-D'OISE;95127;CERGY;95;2117932;6813
ILE-DE-FRANCE;VAL-D'OISE;95176;CORMEILLES EN PARISIS;127;2231335;8228
ILE-DE-FRANCE;VAL-D'OISE;95197;DEUIL LA BARRE;117;2013874;6812
ILE-DE-FRANCE;VAL-D'OISE;95203;EAUBONNE;135;2149135;7603
ILE-DE-FRANCE;VAL-D'OISE;95219;ERMONT;100;2101601;7287
ILE-DE-FRANCE;VAL-D'OISE;95252;FRANCONVILLE;59;2981582;13025
ILE-DE-FRANCE;VAL-D'OISE;95306;HERBLAY;111;2312584;9663
ILE-DE-FRANCE;VAL-D'OISE;95428;MONTMORENCY;312;2960647;15391
ILE-DE-FRANCE;VAL-D'OISE;95500;PONTOISE;106;2470605;9355
ILE-DE-FRANCE;VAL-D'OISE;95582;SANNOIS;77;2483845;8764
ILE-DE-FRANCE;VAL-D'OISE;95555;ST GRATIEN;133;2479491;8675
ILE-DE-FRANCE;VAL-D'OISE;95607;TAVERNY;98;2146665;8030
ILE-DE-FRANCE;VAL-DE-MARNE;94002;ALFORTVILLE;77;2202536;8615
ILE-DE-FRANCE;VAL-DE-MARNE;94016;CACHAN;162;2212446;6503
ILE-DE-FRANCE;VAL-DE-MARNE;94017;CHAMPIGNY SUR MARNE;166;2469622;9532
ILE-DE-FRANCE;VAL-DE-MARNE;94018;CHARENTON LE PONT;459;2368375;8757
ILE-DE-FRANCE;VAL-DE-MARNE;94022;CHOISY LE ROI;76;2433221;9743
ILE-DE-FRANCE;VAL-DE-MARNE;94028;CRETEIL;240;2176340;7050
ILE-DE-FRANCE;VAL-DE-MARNE;94033;FONTENAY SOUS BOIS;607;2712968;10622
ILE-DE-FRANCE;VAL-DE-MARNE;94034;FRESNES;58;2449486;8416
ILE-DE-FRANCE;VAL-DE-MARNE;94041;IVRY SUR SEINE;109;2130106;7257
ILE-DE-FRANCE;VAL-DE-MARNE;94038;L'HAY LES ROSES;207;2174588;7726
ILE-DE-FRANCE;VAL-DE-MARNE;94043;LE KREMLIN BICETRE;67;2021008;6146
ILE-DE-FRANCE;VAL-DE-MARNE;94058;LE PERREUX SUR MARNE;449;2425146;8853
ILE-DE-FRANCE;VAL-DE-MARNE;94046;MAISONS ALFORT;314;2220531;8211
ILE-DE-FRANCE;VAL-DE-MARNE;94052;NOGENT SUR MARNE;743;2851644;11719
ILE-DE-FRANCE;VAL-DE-MARNE;94067;SAINT MANDE;819;2888445;12287
ILE-DE-FRANCE;VAL-DE-MARNE;94068;SAINT MAUR DES FOSSES;1656;2676455;10405
ILE-DE-FRANCE;VAL-DE-MARNE;94071;SUCY EN BRIE;196;2255898;8628
ILE-DE-FRANCE;VAL-DE-MARNE;94073;THIAIS;126;2378028;9534
ILE-DE-FRANCE;VAL-DE-MARNE;94076;VILLEJUIF;109;2279457;7610
ILE-DE-FRANCE;VAL-DE-MARNE;94079;VILLIERS SUR MARNE;86;2098991;7230
ILE-DE-FRANCE;VAL-DE-MARNE;94080;VINCENNES;1048;2391257;9006
ILE-DE-FRANCE;VAL-DE-MARNE;94081;VITRY SUR SEINE;141;2134802;7220
ILE-DE-FRANCE;YVELINES;78146;CHATOU;679;2577209;10223
ILE-DE-FRANCE;YVELINES;78172;CONFLANS-SAINTE-HONORINE;114;2300550;6952
ILE-DE-FRANCE;YVELINES;78208;ELANCOURT;73;1956301;6447
ILE-DE-FRANCE;YVELINES;78297;GUYANCOURT;66;1966212;5076
ILE-DE-FRANCE;YVELINES;78311;HOUILLES;146;2029274;6969
ILE-DE-FRANCE;YVELINES;78126;LA CELLE-SAINT-CLOUD;516;2871095;10999
ILE-DE-FRANCE;YVELINES;78158;LE CHESNAY;708;2540678;10360
ILE-DE-FRANCE;YVELINES;78358;MAISONS-LAFFITTE;639;2521720;9657
ILE-DE-FRANCE;YVELINES;78361;MANTES-LA-JOLIE;84;2708168;12515
ILE-DE-FRANCE;YVELINES;78423;MONTIGNY-LE-BRETONNEUX;130;2047748;6667
ILE-DE-FRANCE;YVELINES;78490;PLAISIR;119;2264471;7198
ILE-DE-FRANCE;YVELINES;78498;POISSY;148;2300496;8833
ILE-DE-FRANCE;YVELINES;78517;RAMBOUILLET;240;2499795;8573
ILE-DE-FRANCE;YVELINES;78551;SAINT-GERMAIN-EN-LAYE;1247;2669465;10595
ILE-DE-FRANCE;YVELINES;78586;SARTROUVILLE;165;2116474;7186
ILE-DE-FRANCE;YVELINES;78640;VELIZY-VILLACOUBLAY;123;2025187;6185
ILE-DE-FRANCE;YVELINES;78646;VERSAILLES;2611;2730469;11021
MARTINIQUE;MARTINIQUE;97209;FORT DE FRANCE;95;3012660;12284
MARTINIQUE;MARTINIQUE;97229;SCHOELCHER;61;2694969;12789
NORMANDIE;CALVADOS;14118;CAEN;587;2660391;10085
NORMANDIE;EURE;27229;EVREUX;138;2355889;8999
NORMANDIE;EURE;27681;VERNON;94;2223157;7537
NORMANDIE;MANCHE;50129;CHERBOURG OCTEVILLE;108;2385829;8369
NORMANDIE;MANCHE;50502;SAINT LO;57;2331798;6723
NORMANDIE;ORNE;61001;ALENCON;83;2271506;8844
NORMANDIE;SEINE-MARITIME;76217;DIEPPE;105;2207691;8046
NORMANDIE;SEINE-MARITIME;76351;LE HAVRE;377;2482157;9594
NORMANDIE;SEINE-MARITIME;76540;ROUEN;542;2443616;9803
NOUVELLE-AQUITAINE;CHARENTE;16015;ANGOULEME;138;2559151;9297
NOUVELLE-AQUITAINE;CHARENTE-MARITIME;17300;LA ROCHELLE;606;2565847;10103
NOUVELLE-AQUITAINE;CHARENTE-MARITIME;17299;ROCHEFORT;53;2272479;7828
NOUVELLE-AQUITAINE;CHARENTE-MARITIME;17415;SAINTES;108;2368977;9109
NOUVELLE-AQUITAINE;CORREZE;19031;BRIVE;228;2642704;11166
NOUVELLE-AQUITAINE;DEUX-SEVRES;79191;NIORT;219;2927993;12868
NOUVELLE-AQUITAINE;DORDOGNE;24037;BERGERAC;114;2010692;6324
NOUVELLE-AQUITAINE;DORDOGNE;24322;PERIGUEUX;109;2244538;9057
NOUVELLE-AQUITAINE;GIRONDE;33063;BORDEAUX;2570;2696111;10564
NOUVELLE-AQUITAINE;GIRONDE;33162;EYSINES;93;2185240;7820
NOUVELLE-AQUITAINE;GIRONDE;33192;GRADIGNAN;166;2339027;8624
NOUVELLE-AQUITAINE;GIRONDE;33199;GUJAN-MESTRAS;90;2173303;7201
NOUVELLE-AQUITAINE;GIRONDE;33529;LA TESTE DE BUCH;312;2451057;8779
NOUVELLE-AQUITAINE;GIRONDE;33069;LE BOUSCAT;339;3249561;11346
NOUVELLE-AQUITAINE;GIRONDE;33243;LIBOURNE;125;2592217;9164
NOUVELLE-AQUITAINE;GIRONDE;33281;MERIGNAC;279;2367357;9228
NOUVELLE-AQUITAINE;GIRONDE;33318;PESSAC;250;2311019;8414
NOUVELLE-AQUITAINE;GIRONDE;33449;SAINT-MEDARD-EN-JALLES;107;2211286;6839
NOUVELLE-AQUITAINE;GIRONDE;33522;TALENCE;190;2465819;10771
NOUVELLE-AQUITAINE;GIRONDE;33550;VILLENAVE-D'ORNON;92;2138463;7367
NOUVELLE-AQUITAINE;HAUTE-VIENNE;87085;LIMOGES;502;3128047;12322
NOUVELLE-AQUITAINE;LANDES;40088;DAX;98;2636109;9964
NOUVELLE-AQUITAINE;LANDES;40192;MONT-DE-MARSAN;95;2304461;8414
NOUVELLE-AQUITAINE;LOT-ET-GARONNE;47001;AGEN;121;2478955;9402
NOUVELLE-AQUITAINE;LOT-ET-GARONNE;47323;VILLENEUVE SUR LOT;65;2357059;9153
NOUVELLE-AQUITAINE;PYRENEES-ATLANTIQUES;64024;ANGLET;434;2409641;8711
NOUVELLE-AQUITAINE;PYRENEES-ATLANTIQUES;64102;BAYONNE;261;2585029;11056
NOUVELLE-AQUITAINE;PYRENEES-ATLANTIQUES;64122;BIARRITZ;583;2548222;10408
NOUVELLE-AQUITAINE;PYRENEES-ATLANTIQUES;64445;PAU;440;2346840;8869
NOUVELLE-AQUITAINE;VIENNE;86066;CHATELLERAULT;89;2378549;8593
NOUVELLE-AQUITAINE;VIENNE;86194;POITIERS;313;2567203;9532
OCCITANIE;AUDE;11069;CARCASSONNE;147;2357346;8965
OCCITANIE;AUDE;11262;NARBONNE;183;2384717;8693
OCCITANIE;AVEYRON;12145;MILLAU;71;2585696;10793
OCCITANIE;AVEYRON;12202;RODEZ;149;2337404;8757
OCCITANIE;GARD;30007;ALES;128;2276871;7960
OCCITANIE;GARD;30189;NIMES;704;2428304;9560
OCCITANIE;GERS;32013;AUCH;88;2091004;6132
OCCITANIE;HAUTE-GARONNE;31069;BLAGNAC;102;2451425;9507
OCCITANIE;HAUTE-GARONNE;31149;COLOMIERS;98;2149367;6199
OCCITANIE;HAUTE-GARONNE;31395;MURET;88;2396227;8338
OCCITANIE;HAUTE-GARONNE;31555;TOULOUSE;2794;2499551;9595
OCCITANIE;HAUTE-GARONNE;31557;TOURNEFEUILLE;182;2534656;8988
OCCITANIE;HAUTES-PYRENEES;65440;TARBES;98;2247981;7587
OCCITANIE;HERAULT;34003;AGDE;184;2270043;8397
OCCITANIE;HERAULT;34032;BEZIERS;288;2620669;10757
OCCITANIE;HERAULT;34108;FRONTIGNAN;50;2248046;8840
OCCITANIE;HERAULT;34145;LUNEL;60;2274644;8004
OCCITANIE;HERAULT;34172;MONTPELLIER;1208;2502696;8844
OCCITANIE;HERAULT;34301;SETE;240;2542294;9183
OCCITANIE;LOT;46042;CAHORS;74;2240644;8460
OCCITANIE;PYRENEES-ORIENTALES;66136;PERPIGNAN;487;2457855;9264
OCCITANIE;TARN;81004;ALBI;208;2360511;8287
OCCITANIE;TARN;81065;CASTRES;142;2285179;7627
OCCITANIE;TARN-ET-GARONNE;82121;MONTAUBAN;245;2608026;10377
PAYS DE LA LOIRE;LOIRE-ATLANTIQUE;44109;NANTES;2191;2702279;9869
PAYS DE LA LOIRE;LOIRE-ATLANTIQUE;44114;ORVAULT;182;2394979;9236
PAYS DE LA LOIRE;LOIRE-ATLANTIQUE;44143;REZE;81;2105216;6364
PAYS DE LA LOIRE;LOIRE-ATLANTIQUE;44162;ST HERBLAIN;80;2521282;6757
PAYS DE LA LOIRE;LOIRE-ATLANTIQUE;44184;ST NAZAIRE;189;2330639;7193
PAYS DE LA LOIRE;LOIRE-ATLANTIQUE;44190;ST SEBASTIEN SUR LOIRE;92;2391317;9901
PAYS DE LA LOIRE;LOIRE-ATLANTIQUE;44215;VERTOU;180;2566815;7332
PAYS DE LA LOIRE;MAINE-ET-LOIRE;49007;ANGERS;664;2431893;8934
PAYS DE LA LOIRE;MAINE-ET-LOIRE;49099;CHOLET;191;2415074;8968
PAYS DE LA LOIRE;MAINE-ET-LOIRE;49328;SAUMUR;120;2502978;8373
PAYS DE LA LOIRE;MAYENNE;53130;LAVAL;218;2924081;12579
PAYS DE LA LOIRE;SARTHE;72181;LE MANS;534;2620284;10374
PAYS DE LA LOIRE;VENDEE;85047;CHALLANS;139;2436331;9449
PAYS DE LA LOIRE;VENDEE;85191;LA ROCHE SUR YON;171;2556033;10610
PROVENCE-ALPES-COTE D'AZUR;ALPES-DE-HAUTE-PROVENCE;4112;MANOSQUE;131;2495626;11893
PROVENCE-ALPES-COTE D'AZUR;ALPES-MARITIMES;6004;ANTIBES;980;2552434;10386
PROVENCE-ALPES-COTE D'AZUR;ALPES-MARITIMES;6027;CAGNES SUR MER;399;2240990;8382
PROVENCE-ALPES-COTE D'AZUR;ALPES-MARITIMES;6029;CANNES;1497;3092358;14090
PROVENCE-ALPES-COTE D'AZUR;ALPES-MARITIMES;6069;GRASSE;330;2426589;10225
PROVENCE-ALPES-COTE D'AZUR;ALPES-MARITIMES;6030;LE CANNET;382;2545566;10863
PROVENCE-ALPES-COTE D'AZUR;ALPES-MARITIMES;6079;MANDELIEU LA NAPOULE;353;2400587;9914
PROVENCE-ALPES-COTE D'AZUR;ALPES-MARITIMES;6083;MENTON;224;2245749;8251
PROVENCE-ALPES-COTE D'AZUR;ALPES-MARITIMES;6900;MONACO;578;3881018;27094
PROVENCE-ALPES-COTE D'AZUR;ALPES-MARITIMES;6088;NICE;3064;2553795;10512
PROVENCE-ALPES-COTE D'AZUR;ALPES-MARITIMES;6123;SAINT LAURENT DU VAR;212;2325974;9927
PROVENCE-ALPES-COTE D'AZUR;ALPES-MARITIMES;6155;VALLAURIS;335;2578578;10829
PROVENCE-ALPES-COTE D'AZUR;BOUCHES-DU-RHONE;13001;AIX EN PROVENCE;1931;2802329;10790
PROVENCE-ALPES-COTE D'AZUR;BOUCHES-DU-RHONE;13002;ALLAUCH;123;2360918;8769
PROVENCE-ALPES-COTE D'AZUR;BOUCHES-DU-RHONE;13004;ARLES;191;2407502;9620
PROVENCE-ALPES-COTE D'AZUR;BOUCHES-DU-RHONE;13005;AUBAGNE;230;2415144;9116
PROVENCE-ALPES-COTE D'AZUR;BOUCHES-DU-RHONE;13047;ISTRES;69;2813552;9517
PROVENCE-ALPES-COTE D'AZUR;BOUCHES-DU-RHONE;13028;LA CIOTAT;267;2373553;9071
PROVENCE-ALPES-COTE D'AZUR;BOUCHES-DU-RHONE;13071;LES PENNES MIRABEAU;75;2257535;6424
PROVENCE-ALPES-COTE D'AZUR;BOUCHES-DU-RHONE;13054;MARIGNANE;70;2248672;8333
PROVENCE-ALPES-COTE D'AZUR;BOUCHES-DU-RHONE;13055;MARSEILLE;3898;2723179;10546
PROVENCE-ALPES-COTE D'AZUR;BOUCHES-DU-RHONE;13056;MARTIGUES;97;2180432;7513
PROVENCE-ALPES-COTE D'AZUR;BOUCHES-DU-RHONE;13103;SALON DE PROVENCE;167;2217513;8509
PROVENCE-ALPES-COTE D'AZUR;HAUTES-ALPES;5061;GAP;214;2380851;7916
PROVENCE-ALPES-COTE D'AZUR;VAR;83050;DRAGUIGNAN;206;2208791;8065
PROVENCE-ALPES-COTE D'AZUR;VAR;83061;FREJUS;395;2386297;9931
PROVENCE-ALPES-COTE D'AZUR;VAR;83069;HYERES;558;2396329;8866
PROVENCE-ALPES-COTE D'AZUR;VAR;83062;LA GARDE;104;2283782;8228
PROVENCE-ALPES-COTE D'AZUR;VAR;83126;LA SEYNE SUR MER;173;2099594;6772
PROVENCE-ALPES-COTE D'AZUR;VAR;83144;LA VALETTE;107;2070077;7541
PROVENCE-ALPES-COTE D'AZUR;VAR;83118;SAINT-RAPHAEL;805;2473368;9886
PROVENCE-ALPES-COTE D'AZUR;VAR;83129;SIX-FOURS-LES-PLAGES;255;2137655;7349
PROVENCE-ALPES-COTE D'AZUR;VAR;83137;TOULON;697;2416228;8757
PROVENCE-ALPES-COTE D'AZUR;VAUCLUSE;84007;AVIGNON;349;2636183;11013
PROVENCE-ALPES-COTE D'AZUR;VAUCLUSE;84031;CARPENTRAS;136;2692418;9990
PROVENCE-ALPES-COTE D'AZUR;VAUCLUSE;84035;CAVAILLON;96;2315710;8223
PROVENCE-ALPES-COTE D'AZUR;VAUCLUSE;84087;ORANGE;96;2231101;8873
LA REUNION;LA REUNION;97408;LA POSSESSION;71;2094079;7101
LA REUNION;LA REUNION;97409;SAINT ANDRE;56;2331742;8963
LA REUNION;LA REUNION;97411;SAINT DENIS;524;2483837;10379
LA REUNION;LA REUNION;97415;SAINT PAUL;306;2521704;9712
LA REUNION;LA REUNION;97416;SAINT PIERRE;155;2652221;10650
LA REUNION;LA REUNION;97418;SAINTE MARIE;74;2145892;7666
LA REUNION;LA REUNION;97422;TAMPON;144;2253295;8816
